<?xml version="1.0" encoding="UTF-8"?>
<!DOCTYPE book PUBLIC "-//OASIS//DTD DocBook XML V4.5//EN" "http://www.oasis-open.org/docbook/xml/4.5/docbookx.dtd">
<book>
  <title>mod_cluster Documentation</title>

  <xi:include xmlns:xi="http://www.w3.org/2001/XInclude" href="modules/intro.xml" />
  <xi:include xmlns:xi="http://www.w3.org/2001/XInclude" href="modules/quick-start.xml" />
  <xi:include xmlns:xi="http://www.w3.org/2001/XInclude" href="modules/native/config.xml" />
  <xi:include xmlns:xi="http://www.w3.org/2001/XInclude" href="modules/native/building.xml" />
  <xi:include xmlns:xi="http://www.w3.org/2001/XInclude" href="modules/native/install.xml" />
  <xi:include xmlns:xi="http://www.w3.org/2001/XInclude" href="modules/java/config.xml" />
  <xi:include xmlns:xi="http://www.w3.org/2001/XInclude" href="modules/java/AS7config.xml" />
  <xi:include xmlns:xi="http://www.w3.org/2001/XInclude" href="modules/java/building.xml" />
  <xi:include xmlns:xi="http://www.w3.org/2001/XInclude" href="modules/java/properties.xml" />
  <xi:include xmlns:xi="http://www.w3.org/2001/XInclude" href="modules/java/load.xml" />
  <xi:include xmlns:xi="http://www.w3.org/2001/XInclude" href="modules/java/install.xml" />
  <xi:include xmlns:xi="http://www.w3.org/2001/XInclude" href="modules/ssl.xml" />
  <xi:include xmlns:xi="http://www.w3.org/2001/XInclude" href="modules/mod_jk.xml" />
  <xi:include xmlns:xi="http://www.w3.org/2001/XInclude" href="modules/mod_proxy.xml" />
  <xi:include xmlns:xi="http://www.w3.org/2001/XInclude" href="modules/demo.xml" />
  <xi:include xmlns:xi="http://www.w3.org/2001/XInclude" href="modules/changelog.xml" />
  <xi:include xmlns:xi="http://www.w3.org/2001/XInclude" href="modules/faq.xml" />
</book>
