<?xml version="1.0" encoding="utf-8"?>
<!DOCTYPE chapter PUBLIC "-//OASIS//DTD DocBook XML V4.5//EN"
"http://www.oasis-open.org/docbook/xml/4.5/docbookx.dtd" [
<!ENTITY % BOOK_ENTITIES SYSTEM "../User_Guide.ent">
%BOOK_ENTITIES;
]>
<chapter id="changelog">
  <title>Change Log</title>
  <section>
    <title>1.2.6.Final (07 September 2013)</title>
    <informaltable frame="all">
      <tgroup cols="2">
        <tbody>
          <row>
            <entry><mediaobject><imageobject role="fix"><imagedata fileref="images/fix.jpg" format="JPEG" align="center"/></imageobject></mediaobject></entry>
            <entry>
              <para>MODCLUSTER-360 mod_proxy_cluster.h doesn't contain the right information</para>
            </entry>
          </row>
        </tbody>
      </tgroup>
    </informaltable>
  </section>

  <section>
    <title>1.2.5.Final (30 August 2013)</title>
    <informaltable frame="all">
      <tgroup cols="2">
        <tbody>
          <row>
            <entry><mediaobject><imageobject role="fix"><imagedata fileref="images/fix.jpg" format="JPEG" align="center"/></imageobject></mediaobject></entry>
            <entry>
              <para>MODCLUSTER-334 mod_cluster core when use ProxyPass / balancer://bal and CreateBalancers 1</para>
            </entry>
          </row>
          <row>
            <entry><mediaobject><imageobject role="fix"><imagedata fileref="images/fix.jpg" format="JPEG" align="center"/></imageobject></mediaobject></entry>
            <entry>
              <para>MODCLUSTER-335 Regression in ProxyPass integration</para>
            </entry>
          </row>
          <row>
            <entry><mediaobject><imageobject role="fix"><imagedata fileref="images/fix.jpg" format="JPEG" align="center"/></imageobject></mediaobject></entry>
            <entry>
              <para>MODCLUSTER-339 "proxy: DNS lookup failure" with IPv6 on Solaris</para>
            </entry>
          </row>
          <row>
            <entry><mediaobject><imageobject role="fix"><imagedata fileref="images/fix.jpg" format="JPEG" align="center"/></imageobject></mediaobject></entry>
            <entry>
              <para>MODCLUSTER-345 http_handle_cping_cpong with EnableOptions and HTTPS connector</para>
            </entry>
          </row>
          <row>
            <entry><mediaobject><imageobject role="fix"><imagedata fileref="images/fix.jpg" format="JPEG" align="center"/></imageobject></mediaobject></entry>
            <entry>
              <para>MODCLUSTER-347 mod_cluster-manager may break up aliases from a single VirtualHost, causing a messy page</para>
            </entry>
          </row>
          <row>
            <entry><mediaobject><imageobject role="fix"><imagedata fileref="images/fix.jpg" format="JPEG" align="center"/></imageobject></mediaobject></entry>
            <entry>
              <para>MODCLUSTER-332 Add Engine.getExecutor() to container SPI</para>
            </entry>
          </row>
          <row>
            <entry><mediaobject><imageobject role="fix"><imagedata fileref="images/fix.jpg" format="JPEG" align="center"/></imageobject></mediaobject></entry>
            <entry>
              <para>HTTP httpd-2.4.x doesn't like the extra CRLF.</para>
            </entry>
          </row>
          <row>
            <entry><mediaobject><imageobject role="fix"><imagedata fileref="images/fix.jpg" format="JPEG" align="center"/></imageobject></mediaobject></entry>
            <entry>
              <para>MODCLUSTER-349 mod_manager truncates ENABLE-APP messages.</para>
            </entry>
          </row>
          <row>
            <entry><mediaobject><imageobject role="fix"><imagedata fileref="images/fix.jpg" format="JPEG" align="center"/></imageobject></mediaobject></entry>
            <entry>
              <para>Fix ap_proxy_make_fake_req in 2.4.x</para>
            </entry>
          </row>
        </tbody>
      </tgroup>
    </informaltable>
  </section>

  <section>
    <title>1.2.4.Final (24 April 2013)</title>
    <informaltable frame="all">
      <tgroup cols="2">
        <tbody>
          <row>
            <entry><mediaobject><imageobject role="fix"><imagedata fileref="images/fix.jpg" format="JPEG" align="center"/></imageobject></mediaobject></entry>
            <entry>
              <para>MODCLUSTER-315 Convert project to use i18n logging and exceptions</para>
            </entry>
          </row>
          <row>
            <entry><mediaobject><imageobject role="fix"><imagedata fileref="images/fix.jpg" format="JPEG" align="center"/></imageobject></mediaobject></entry>
            <entry>
              <para>MODCLUSTER-328 mod_cluster doesn't recognize ? as a proper context delimiter causing 503s on requests with query strings </para>
            </entry>
          </row>
          <row>
            <entry><mediaobject><imageobject role="fix"><imagedata fileref="images/fix.jpg" format="JPEG" align="center"/></imageobject></mediaobject></entry>
            <entry>
              <para>JBPAPP-9493 mod_cluster returns "Bad Gateway" HTTP ErrorCode 502 with https</para>
            </entry>
          </row>
          <row>
            <entry><mediaobject><imageobject role="fix"><imagedata fileref="images/fix.jpg" format="JPEG" align="center"/></imageobject></mediaobject></entry>
            <entry>
              <para>MODCLUSTER-326 rename NMAKEmakefile to NMAKEmakefile.example</para>
            </entry>
          </row>
        </tbody>
      </tgroup>
    </informaltable>
  </section>

  <section>
    <title>1.2.3.Final (18 October 2012)</title>
    <informaltable frame="all">
      <tgroup cols="2">
        <tbody>
          <row>
            <entry><mediaobject><imageobject role="fix"><imagedata fileref="images/fix.jpg" format="JPEG" align="center"/></imageobject></mediaobject></entry>
            <entry>
              <para>JBPAPP-9788 Tomcat with mod_cluster refuses to shut down</para>
            </entry>
          </row>
          <row>
            <entry><mediaobject><imageobject role="fix"><imagedata fileref="images/fix.jpg" format="JPEG" align="center"/></imageobject></mediaobject></entry>
            <entry>
              <para>JBPAPP-10168 Option sessionDrainingStrategy in mod_cluster listener in tomcat causes an exception</para>
            </entry>
          </row>
          <row>
            <entry><mediaobject><imageobject role="fix"><imagedata fileref="images/fix.jpg" format="JPEG" align="center"/></imageobject></mediaobject></entry>
            <entry>
              <para>JBPAPP-10147 The shutdown port of tomcat is released before performing actual shut down</para>
            </entry>
          </row>
        </tbody>
      </tgroup>
    </informaltable>
  </section>

  <section>
    <title>1.2.2.Final (06 September 2012)</title>
    <informaltable frame="all">
      <tgroup cols="2">
        <tbody>
          <row>
            <entry><mediaobject><imageobject role="fix"><imagedata fileref="images/fix.jpg" format="JPEG" align="center"/></imageobject></mediaobject></entry>
            <entry>
              <para>JBPAPP-9493 mod_cluster returns "Bad Gateway" HTTP ErrorCode 502 with https</para>
            </entry>
          </row>
          <row>
            <entry><mediaobject><imageobject role="fix"><imagedata fileref="images/fix.jpg" format="JPEG" align="center"/></imageobject></mediaobject></entry>
            <entry>
              <para>JBPAPP-9791 mod_rewrite + mod_cluster: one kind of "proxying" RewriteRules don't work on Windows</para>
            </entry>
          </row>
          <row>
            <entry><mediaobject><imageobject role="fix"><imagedata fileref="images/fix.jpg" format="JPEG" align="center"/></imageobject></mediaobject></entry>
            <entry>
              <para>MODCLUSTER-224 when using tomcat manager webapp to stop/start an application the start is ignored by mod_cluster</para>
            </entry>
          </row>
          <row>
            <entry><mediaobject><imageobject role="fix"><imagedata fileref="images/fix.jpg" format="JPEG" align="center"/></imageobject></mediaobject></entry>
            <entry>
              <para>MODCLUSTER-322 Using AverageSystemLoadMetric can improperly cause a Load Factor of 0</para>
            </entry>
          </row>
          <row>
            <entry><mediaobject><imageobject role="fix"><imagedata fileref="images/fix.jpg" format="JPEG" align="center"/></imageobject></mediaobject></entry>
            <entry>
              <para>MODCLUSTER-312 port JBPAPP-8956 to 1.2.x</para>
            </entry>
          </row>
          <row>
            <entry><mediaobject><imageobject role="fix"><imagedata fileref="images/fix.jpg" format="JPEG" align="center"/></imageobject></mediaobject></entry>
            <entry>
              <para>MODCLUSTER-311 mod_manager doesn't handle multiple virtualhosts per node</para>
            </entry>
          </row>
          <row>
            <entry><mediaobject><imageobject role="fix"><imagedata fileref="images/fix.jpg" format="JPEG" align="center"/></imageobject></mediaobject></entry>
            <entry>
              <para>MODCLUSTER-309 mod_proxy_cluster not checking all available balancers (but only the first one) for an available route</para>
            </entry>
          </row>
          <row>
            <entry><mediaobject><imageobject role="fix"><imagedata fileref="images/fix.jpg" format="JPEG" align="center"/></imageobject></mediaobject></entry>
            <entry>
              <para>JBPAPP-8957 Segmentation Faut when you run two or more JBoss Server Cluster behind *ONE* Apache Server on RHEL 6</para>
            </entry>
          </row>
        </tbody>
      </tgroup>
    </informaltable>
  </section>

  <section>
    <title>1.2.1.Final (03 May 2012)</title>
    <informaltable frame="all">
      <tgroup cols="2">
        <tbody>
          <row>
            <entry><mediaobject><imageobject role="fix"><imagedata fileref="images/fix.jpg" format="JPEG" align="center"/></imageobject></mediaobject></entry>
            <entry>
              <para>MODCLUSTER-304 Port to httpd 2.4</para>
            </entry>
          </row>
          <row>
            <entry><mediaobject><imageobject role="fix"><imagedata fileref="images/fix.jpg" format="JPEG" align="center"/></imageobject></mediaobject></entry>
            <entry>
              <para>MODCLUSTER-305 ProxyPass can break StickySession</para>
            </entry>
          </row>
          <row>
            <entry><mediaobject><imageobject role="fix"><imagedata fileref="images/fix.jpg" format="JPEG" align="center"/></imageobject></mediaobject></entry>
            <entry>
              <para>MODCLUSTER-297 Warnings when compiling mod_cluster</para>
            </entry>
          </row>
          <row>
            <entry><mediaobject><imageobject role="fix"><imagedata fileref="images/fix.jpg" format="JPEG" align="center"/></imageobject></mediaobject></entry>
            <entry>
              <para>MODCLUSTER-192 Add SSL stuff in the FAQ</para>
            </entry>
          </row>
          <row>
            <entry><mediaobject><imageobject role="fix"><imagedata fileref="images/fix.jpg" format="JPEG" align="center"/></imageobject></mediaobject></entry>
            <entry>
              <para>MODCLUSTER-298 mod_cluster doesn't work with IPv6.</para>
            </entry>
          </row>
          <row>
            <entry><mediaobject><imageobject role="fix"><imagedata fileref="images/fix.jpg" format="JPEG" align="center"/></imageobject></mediaobject></entry>
            <entry>
              <para>MODCLUSTER-289 MemManagerFile creates directory but put files in ..</para>
            </entry>
          </row>
          <row>
            <entry><mediaobject><imageobject role="fix"><imagedata fileref="images/fix.jpg" format="JPEG" align="center"/></imageobject></mediaobject></entry>
            <entry>
              <para>MODCLUSTER-290 mod_cluster's mod_advertise can not start on IPv6-only box</para>
            </entry>
          </row>
          <row>
            <entry><mediaobject><imageobject role="fix"><imagedata fileref="images/fix.jpg" format="JPEG" align="center"/></imageobject></mediaobject></entry>
            <entry>
              <para>MODCLUSTER-279 mod_cluster returns 503s after STATUS</para>
            </entry>
          </row>
          <row>
            <entry><mediaobject><imageobject role="fix"><imagedata fileref="images/fix.jpg" format="JPEG" align="center"/></imageobject></mediaobject></entry>
            <entry>
              <para>MODCLUSTER-281 Make stickySessionForce default to false in native part from 1.2.0 release</para>
            </entry>
          </row>
        </tbody>
      </tgroup>
    </informaltable>
  </section>

  <section>
    <title>1.2.0.Final (06 February 2012)</title>
    <informaltable frame="all">
      <tgroup cols="2">
        <tbody>
          <row>
            <entry><mediaobject><imageobject role="fix"><imagedata fileref="images/fix.jpg" format="JPEG" align="center"/></imageobject></mediaobject></entry>
            <entry>
              <para>Fix CVE-2011-4608: Add EnableMCPMReceive in configuration. (JBPAPP-7708)</para>
            </entry>
          </row>
          <row>
            <entry><mediaobject><imageobject role="fix"><imagedata fileref="images/fix.jpg" format="JPEG" align="center"/></imageobject></mediaobject></entry>
            <entry>
              <para>mod_proxy code for old httpd versions needs to be updated. (MODCLUSTER-227)</para>
            </entry>
          </row>
          <row>
            <entry><mediaobject><imageobject role="fix"><imagedata fileref="images/fix.jpg" format="JPEG" align="center"/></imageobject></mediaobject></entry>
            <entry>
              <para>Missing Documentation For mod_cluster with JBoss AS5. (MODCLUSTER-248)</para>
            </entry>
          </row>
          <row>
            <entry><mediaobject><imageobject role="fix"><imagedata fileref="images/fix.jpg" format="JPEG" align="center"/></imageobject></mediaobject></entry>
            <entry>
              <para>sticky-session-force change requires httpd restart. (MODCLUSTER-273)</para>
            </entry>
          </row>
          <row>
            <entry><mediaobject><imageobject role="fix"><imagedata fileref="images/fix.jpg" format="JPEG" align="center"/></imageobject></mediaobject></entry>
            <entry>
              <para>mod_cluster management console/Status does not show exact mod_cluster version. (MODCLUSTER-256)</para>
            </entry>
          </row>
        </tbody>
      </tgroup>
    </informaltable>
  </section>

  <section>
    <title>1.2.0.Beta4 (26 January 2012)</title>
    <informaltable frame="all">
      <tgroup cols="2">
        <tbody>
          <row>
            <entry><mediaobject><imageobject role="fix"><imagedata fileref="images/fix.jpg" format="JPEG" align="center"/></imageobject></mediaobject></entry>
            <entry>
              <para>read-attribute and :write-attribute Error in AS7. (MODCLUSTER-246)</para>
            </entry>
          </row>
          <row>
            <entry><mediaobject><imageobject role="fix"><imagedata fileref="images/fix.jpg" format="JPEG" align="center"/></imageobject></mediaobject></entry>
            <entry>
              <para>routing table lookup creates performance issues.. (MODCLUSTER-252)</para>
            </entry>
          </row>
          <row>
            <entry><mediaobject><imageobject role="fix"><imagedata fileref="images/fix.jpg" format="JPEG" align="center"/></imageobject></mediaobject></entry>
            <entry>
              <para>Error 503 using mod_cluster: CVE-2011-3348. (MODCLUSTER-258)</para>
            </entry>
          </row>
          <row>
            <entry><mediaobject><imageobject role="fix"><imagedata fileref="images/fix.jpg" format="JPEG" align="center"/></imageobject></mediaobject></entry>
            <entry>
              <para>warning while compiling on some lab boxes. (MODCLUSTER-266)</para>
            </entry>
          </row>
          <row>
            <entry><mediaobject><imageobject role="fix"><imagedata fileref="images/fix.jpg" format="JPEG" align="center"/></imageobject></mediaobject></entry>
            <entry>
              <para>String index out of range: -1 with a lot of nodes/deploymentswarning while compiling on some lab boxes. (MODCLUSTER-266)</para>
            </entry>
          </row>
          <row>
            <entry><mediaobject><imageobject role="fix"><imagedata fileref="images/fix.jpg" format="JPEG" align="center"/></imageobject></mediaobject></entry>
            <entry>
              <para>404 while/just after removing a node. (MODCLUSTER-272)</para>
            </entry>
          </row>
          <row>
            <entry><mediaobject><imageobject role="fix"><imagedata fileref="images/fix.jpg" format="JPEG" align="center"/></imageobject></mediaobject></entry>
            <entry>
              <para>ProxyPass doesn't work with mod_cluster whne mixing mod_cluster and other scheme handlers404 while/just after removing a node. (MODCLUSTER-274)</para>
            </entry>
          </row>
          <row>
            <entry><mediaobject><imageobject role="add"><imagedata fileref="images/add.jpg" format="JPEG" align="center"/></imageobject></mediaobject></entry>
            <entry>
              <para>mod_cluster forgets removed node too fast. (MODCLUSTER-231)</para>
            </entry>
          </row>
          <row>
            <entry><mediaobject><imageobject role="add"><imagedata fileref="images/add.jpg" format="JPEG" align="center"/></imageobject></mediaobject></entry>
            <entry>
              <para>Allow context lengths greater than 40 (MODCLUSTER-236)</para>
            </entry>
          </row>
          <row>
            <entry><mediaobject><imageobject role="add"><imagedata fileref="images/add.jpg" format="JPEG" align="center"/></imageobject></mediaobject></entry>
            <entry>
              <para>Increase the MAXMESSSIZE and allow it to be configurable via a parameter. (MODCLUSTER-244)</para>
            </entry>
          </row>
          <row>
            <entry><mediaobject><imageobject role="add"><imagedata fileref="images/add.jpg" format="JPEG" align="center"/></imageobject></mediaobject></entry>
            <entry>
              <para>Calculate the MAXMESSSIZE dynamically. (MODCLUSTER-245)</para>
            </entry>
          </row>
        </tbody>
      </tgroup>
    </informaltable>
  </section>

  <section>
    <title>1.2.0.Beta3 (03 January 2012)</title>
    <para>Code reorganisation</para>
  </section>

  <section>
    <title>1.2.0.Beta2 (11 December 2011)</title>
    <informaltable frame="all">
      <tgroup cols="2">
        <tbody>
          <row>
            <entry><mediaobject><imageobject role="fix"><imagedata fileref="images/fix.jpg" format="JPEG" align="center"/></imageobject></mediaobject></entry>
            <entry>
              <para>Load-demo application does not work with AS7. (MODCLUSTER-259)</para>
            </entry>
          </row>
        </tbody>
      </tgroup>
    </informaltable>
  </section>

  <section>
    <title>1.2.0.Beta1 (06 December 2011)</title>
    <informaltable frame="all">
      <tgroup cols="2">
        <tbody>
          <row>
            <entry><mediaobject><imageobject role="fix"><imagedata fileref="images/fix.jpg" format="JPEG" align="center"/></imageobject></mediaobject></entry>
            <entry>
              <para>Modify jbossweb metrics to use service provider spi, instead of jmx. (MODCLUSTER-151)</para>
            </entry>
          </row>
          <row>
            <entry><mediaobject><imageobject role="fix"><imagedata fileref="images/fix.jpg" format="JPEG" align="center"/></imageobject></mediaobject></entry>
            <entry>
              <para>mod_cluster throws warnings at shutdown in AS7. (MODCLUSTER-143)</para>
            </entry>
          </row>
          <row>
            <entry><mediaobject><imageobject role="add"><imagedata fileref="images/add.jpg" format="JPEG" align="center"/></imageobject></mediaobject></entry>
            <entry>
              <para>Refactor mod_cluster to allow implementations for other application servers. (MODCLUSTER-105)</para>
            </entry>
          </row>
          <row>
            <entry><mediaobject><imageobject role="add"><imagedata fileref="images/add.jpg" format="JPEG" align="center"/></imageobject></mediaobject></entry>
            <entry>
              <para>AS7 integration. (MODCLUSTER-219)</para>
            </entry>
          </row>
          <row>
            <entry><mediaobject><imageobject role="add"><imagedata fileref="images/add.jpg" format="JPEG" align="center"/></imageobject></mediaobject></entry>
            <entry>
              <para>Refactor project into modules for HA, catalina, core, etc. (MODCLUSTER-112)</para>
            </entry>
          </row>
        </tbody>
      </tgroup>
    </informaltable>
  </section>

  <section>
    <title>1.1.3.Final (12 August 2011)</title>
    <informaltable frame="all">
      <tgroup cols="2">
        <tbody>
          <row>
            <entry><mediaobject><imageobject role="fix"><imagedata fileref="images/fix.jpg" format="JPEG" align="center"/></imageobject></mediaobject></entry>
            <entry>
              <para>request hang with a node is stopped in EC2 (MODCLUSTER-217) (jfclere)</para>
            </entry>
          </row>
          <row>
            <entry><mediaobject><imageobject role="fix"><imagedata fileref="images/fix.jpg" format="JPEG" align="center"/></imageobject></mediaobject></entry>
            <entry>
              <para>Extra ENABLE-APP/REMOVE-APP event after failover (MODCLUSTER-220) (jfclere)</para>
            </entry>
          </row>
          <row>
            <entry><mediaobject><imageobject role="fix"><imagedata fileref="images/fix.jpg" format="JPEG" align="center"/></imageobject></mediaobject></entry>
            <entry>
              <para>mod_cluster does not work with Tomcat 7 due to API Change in Connector (MODCLUSTER-240) (jfclere)</para>
            </entry>
          </row>
          <row>
            <entry><mediaobject><imageobject role="fix"><imagedata fileref="images/fix.jpg" format="JPEG" align="center"/></imageobject></mediaobject></entry>
            <entry>
              <para>kill -HUP httpd process increase the number of open locks (MODCLUSTER-241) (jfclere)</para>
            </entry>
          </row>
        </tbody>
      </tgroup>
    </informaltable>
  </section>

  <section>
    <title>1.1.2.Final (21 April 2011)</title>
    <informaltable frame="all">
      <tgroup cols="2">
        <tbody>
          <row>
            <entry><mediaobject><imageobject role="fix"><imagedata fileref="images/fix.jpg" format="JPEG" align="center"/></imageobject></mediaobject></entry>
            <entry>
              <para>mod_cluster failover does not work for a /webappcontext when the / root context exists (MODCLUSTER-188) (jfclere)</para>
            </entry>
          </row>
          <row>
            <entry><mediaobject><imageobject role="fix"><imagedata fileref="images/fix.jpg" format="JPEG" align="center"/></imageobject></mediaobject></entry>
            <entry>
              <para>UseAlias broken (MODCLUSTER-212) (jfclere)</para>
            </entry>
          </row>
          <row>
            <entry><mediaobject><imageobject role="fix"><imagedata fileref="images/fix.jpg" format="JPEG" align="center"/></imageobject></mediaobject></entry>
            <entry>
              <para>mod_rewrite PT doesn't work (MODCLUSTER-213) (jfclere)</para>
            </entry>
          </row>
          <row>
            <entry><mediaobject><imageobject role="fix"><imagedata fileref="images/fix.jpg" format="JPEG" align="center"/></imageobject></mediaobject></entry>
            <entry>
              <para>memory usage growning in httpd (MODCLUSTER-214) (jfclere)</para>
            </entry>
          </row>
          <row>
            <entry><mediaobject><imageobject role="fix"><imagedata fileref="images/fix.jpg" format="JPEG" align="center"/></imageobject></mediaobject></entry>
            <entry>
              <para>Second attempt to connect from Jboss to apache module sends incomplete Host Header (MODCLUSTER-216) (jfclere)</para>
            </entry>
          </row>
          <row>
            <entry><mediaobject><imageobject role="fix"><imagedata fileref="images/fix.jpg" format="JPEG" align="center"/></imageobject></mediaobject></entry>
            <entry>
              <para>when using tomcat manager webapp to stop/start an application the start is ignored by mod_cluster (MODCLUSTER-224) (jfclere)</para>
            </entry>
          </row>
          <row>
            <entry><mediaobject><imageobject role="fix"><imagedata fileref="images/fix.jpg" format="JPEG" align="center"/></imageobject></mediaobject></entry>
            <entry>
              <para>Unable to override load properties when running in Tomcat 6 (MODCLUSTER-232) (jfclere)</para>
            </entry>
          </row>
          <row>
            <entry><mediaobject><imageobject role="fix"><imagedata fileref="images/fix.jpg" format="JPEG" align="center"/></imageobject></mediaobject></entry>
            <entry>
              <para>Documentation contains wrong default loadMetric class name (MODCLUSTER-233) (jfclere)</para>
            </entry>
          </row>
          <row>
            <entry><mediaobject><imageobject role="add"><imagedata fileref="images/add.jpg" format="JPEG" align="center"/></imageobject></mediaobject></entry>
            <entry>
              <para>mod_cluster should issue a warning when Maxcontext is reached and no more context will be taken (MODCLUSTER-223) (jfclere)</para>
            </entry>
          </row>
          <row>
            <entry><mediaobject><imageobject role="add"><imagedata fileref="images/add.jpg" format="JPEG" align="center"/></imageobject></mediaobject></entry>
            <entry>
              <para>add a note explaining where Maxcontext must be put in httpd.conf and issue error if in wrong location (MODCLUSTER-225) (jfclere)</para>
            </entry>
          </row>
        </tbody>
      </tgroup>
    </informaltable>
  </section>
  <section>
    <title>1.1.1.Final (31 January 2011)</title>
    <informaltable frame="all">
      <tgroup cols="2">
        <tbody>
           <row>
            <entry><mediaobject><imageobject role="fix"><imagedata fileref="images/fix.jpg" format="JPEG" align="center"/></imageobject></mediaobject></entry>
            <entry>
              <para>NPE when overriding default load metric in ModClusterListener (MODCLUSTER-183) (pferraro)</para>
            </entry>
          </row>
           <row>
            <entry><mediaobject><imageobject role="fix"><imagedata fileref="images/fix.jpg" format="JPEG" align="center"/></imageobject></mediaobject></entry>
            <entry>
              <para>mod_cluster failover does not work for a /webappcontext when the / root context exists (MODCLUSTER-188) (jfclere)</para>
            </entry>
          </row>
           <row>
            <entry><mediaobject><imageobject role="fix"><imagedata fileref="images/fix.jpg" format="JPEG" align="center"/></imageobject></mediaobject></entry>
            <entry>
              <para>mod_cluster issues an ENABLE-APP too early in the webapp lifecycle (MODCLUSTER-190) (jfclere)</para>
            </entry>
          </row>
           <row>
            <entry><mediaobject><imageobject role="fix"><imagedata fileref="images/fix.jpg" format="JPEG" align="center"/></imageobject></mediaobject></entry>
            <entry>
              <para>mod_cluster 1.1.0 docs step 11.1.4.3 is wrong (MODCLUSTER-193) (jfclere)</para>
            </entry>
          </row>
           <row>
            <entry><mediaobject><imageobject role="fix"><imagedata fileref="images/fix.jpg" format="JPEG" align="center"/></imageobject></mediaobject></entry>
            <entry>
              <para>Incorrect routing of requests when one context root is the prefix of another (MODCLUSTER-196) (jfclere)</para>
            </entry>
          </row>
           <row>
            <entry><mediaobject><imageobject role="fix"><imagedata fileref="images/fix.jpg" format="JPEG" align="center"/></imageobject></mediaobject></entry>
            <entry>
              <para>Can only rewrite from the root context in httpd if there is a root context deployed in JBoss (MODCLUSTER-198) (jfclere)</para>
            </entry>
          </row>
           <row>
            <entry><mediaobject><imageobject role="fix"><imagedata fileref="images/fix.jpg" format="JPEG" align="center"/></imageobject></mediaobject></entry>
            <entry>
              <para>the STATUS MCMP message is send before the connector is started (MODCLUSTER-202) (jfclere)</para>
            </entry>
          </row>
           <row>
            <entry><mediaobject><imageobject role="fix"><imagedata fileref="images/fix.jpg" format="JPEG" align="center"/></imageobject></mediaobject></entry>
            <entry>
              <para>The windoze bundle don't have the default configuration (MODCLUSTER-205) (jfclere)</para>
            </entry>
          </row>
           <row>
            <entry><mediaobject><imageobject role="fix"><imagedata fileref="images/fix.jpg" format="JPEG" align="center"/></imageobject></mediaobject></entry>
            <entry>
              <para>httpd cores after graceful restart after the mod_cluster configuration is added (MODCLUSTER-206) (jfclere)</para>
            </entry>
          </row>
           <row>
            <entry><mediaobject><imageobject role="add"><imagedata fileref="images/add.jpg" format="JPEG" align="center"/></imageobject></mediaobject></entry>
            <entry>
              <para>Make logging on Tomcat use JDK14LoggerPlugin by default (MODCLUSTER-185) (pferraro)</para>
            </entry>
          </row>
           <row>
            <entry><mediaobject><imageobject role="add"><imagedata fileref="images/add.jpg" format="JPEG" align="center"/></imageobject></mediaobject></entry>
            <entry>
              <para>update mod_cluster to use HTTP/1.1 (MODCLUSTER-201) (jfclere)</para>
            </entry>
          </row>
           <row>
            <entry><mediaobject><imageobject role="add"><imagedata fileref="images/add.jpg" format="JPEG" align="center"/></imageobject></mediaobject></entry>
            <entry>
              <para>Add support for system properties used in 1.0.x (MODCLUSTER-207) (pferraro)</para>
            </entry>
          </row>
        </tbody>
      </tgroup>
    </informaltable>
  </section>
  <section>
    <title>1.1.0.Final (13 August 2010)</title>
    <informaltable frame="all">
      <tgroup cols="2">
        <tbody>
           <row>
            <entry><mediaobject><imageobject role="fix"><imagedata fileref="images/fix.jpg" format="JPEG" align="center"/></imageobject></mediaobject></entry>
            <entry>
              <para>Demo servlets throw InstanceNotFoundException against EAP5 (MODCLUSTER-170) (pferraro)</para>
            </entry>
          </row>
          <row>
            <entry><mediaobject><imageobject role="fix"><imagedata fileref="images/fix.jpg" format="JPEG" align="center"/></imageobject></mediaobject></entry>
            <entry>
              <para>mod_advertise: Invalid ServerAdvertise Address too often (MODCLUSTER-172) (jfclere)</para>
            </entry>
          </row>
          <row>
            <entry><mediaobject><imageobject role="fix"><imagedata fileref="images/fix.jpg" format="JPEG" align="center"/></imageobject></mediaobject></entry>
            <entry>
              <para>Fix class name of MBeanAttributeRatioLoadMetric in MC config (MODCLUSTER-174) (pferraro)</para>
            </entry>
          </row>
          <row>
            <entry><mediaobject><imageobject role="fix"><imagedata fileref="images/fix.jpg" format="JPEG" align="center"/></imageobject></mediaobject></entry>
            <entry>
              <para>Wrong configuration could cause an httpd core (MODCLUSTER-175) (jfclere)</para>
            </entry>
          </row>
          <row>
            <entry><mediaobject><imageobject role="fix"><imagedata fileref="images/fix.jpg" format="JPEG" align="center"/></imageobject></mediaobject></entry>
            <entry>
              <para>Advertise not configured error message in log is actually a warning (MODCLUSTER-176) (jfclere)</para>
            </entry>
          </row>
          <row>
            <entry><mediaobject><imageobject role="add"><imagedata fileref="images/add.jpg" format="JPEG" align="center"/></imageobject></mediaobject></entry>
            <entry>
              <para>Better no servers connected message (MODCLUSTER-165) (jfclere)</para>
            </entry>
          </row>
          <row>
            <entry><mediaobject><imageobject role="add"><imagedata fileref="images/add.jpg" format="JPEG" align="center"/></imageobject></mediaobject></entry>
            <entry>
              <para>How does the UI deal with 20 or more servers (MODCLUSTER-165) (jfclere)</para>
            </entry>
          </row>
          <row>
            <entry><mediaobject><imageobject role="add"><imagedata fileref="images/add.jpg" format="JPEG" align="center"/></imageobject></mediaobject></entry>
            <entry>
              <para>mod_cluster should use hostname provided in address instead a IP address (MODCLUSTER-168) (pferraro)</para>
            </entry>
          </row>
          <row>
            <entry><mediaobject><imageobject role="add"><imagedata fileref="images/add.jpg" format="JPEG" align="center"/></imageobject></mediaobject></entry>
            <entry>
              <para>Read only view of mod_cluster-manager (MODCLUSTER-181) (jfclere)</para>
            </entry>
          </row>
          <row>
            <entry><mediaobject><imageobject role="update"><imagedata fileref="images/update.jpg" format="JPEG" align="center"/></imageobject></mediaobject></entry>
            <entry>
              <para>Demo client throws Bus Error when run with JDK 1.6 on OSX (MODCLUSTER-169) (jfclere)</para>
            </entry>
          </row>
          <row>
            <entry><mediaobject><imageobject role="update"><imagedata fileref="images/update.jpg" format="JPEG" align="center"/></imageobject></mediaobject></entry>
            <entry>
              <para>Use versioned docs (MODCLUSTER-141) (jfclere, pferraro)</para>
            </entry>
          </row>
          <row>
            <entry><mediaobject><imageobject role="add"><imagedata fileref="images/add.jpg" format="JPEG" align="center"/></imageobject></mediaobject></entry>
            <entry>
              <para>Deprecate use of term "domain" (MODCLUSTER-177) (jfclere, pferraro)</para>
            </entry>
          </row>
        </tbody>
      </tgroup>
    </informaltable>
  </section>
  <section><title>1.1.0.CR3 (15 June 2010)</title>
    <informaltable frame="all">
      <tgroup cols="2">
        <tbody>
          <row>
            <entry><mediaobject><imageobject role="fix"><imagedata fileref="images/fix.jpg" format="JPEG" align="center"/></imageobject></mediaobject></entry>
            <entry>
              <para>Rpc failure can lead to failure to deploy a webapp (MODCLUSTER-140) (pferraro)</para>
            </entry>
          </row>
          <row>
            <entry><mediaobject><imageobject role="fix"><imagedata fileref="images/fix.jpg" format="JPEG" align="center"/></imageobject></mediaobject></entry>
            <entry>
              <para>Quotes in jsessionId causing sticky sessions to fail (MODCLUSTER-146) (jfclere)</para>
            </entry>
          </row>
          <row>
            <entry><mediaobject><imageobject role="fix"><imagedata fileref="images/fix.jpg" format="JPEG" align="center"/></imageobject></mediaobject></entry>
            <entry>
              <para>ManagerBalancerName doesn't work (MODCLUSTER-153) (jfclere)</para>
            </entry>
          </row>
          <row>
            <entry><mediaobject><imageobject role="fix"><imagedata fileref="images/fix.jpg" format="JPEG" align="center"/></imageobject></mediaobject></entry>
            <entry>
              <para>Parsing of IPv6 loopback address fails (MODCLUSTER-156) (pferraro)</para>
            </entry>
          </row>
          <row>
            <entry><mediaobject><imageobject role="fix"><imagedata fileref="images/fix.jpg" format="JPEG" align="center"/></imageobject></mediaobject></entry>
            <entry>
              <para>SystemMemoryUsageLoadMetric returns wrong load metric (MODCLUSTER-157) (pferraro)</para>
            </entry>
          </row>
          <row>
            <entry><mediaobject><imageobject role="fix"><imagedata fileref="images/fix.jpg" format="JPEG" align="center"/></imageobject></mediaobject></entry>
            <entry>
              <para>Clean shutdown logic can still inadvertently kill requests for non-distributed contexts. (MODCLUSTER-159) (pferraro)</para>
            </entry>
          </row>
          <row>
            <entry><mediaobject><imageobject role="fix"><imagedata fileref="images/fix.jpg" format="JPEG" align="center"/></imageobject></mediaobject></entry>
            <entry>
              <para>NoClassDefFoundError running demo app against AS6 (MODCLUSTER-161) (pferraro)</para>
            </entry>
          </row>
          <row>
            <entry><mediaobject><imageobject role="update"><imagedata fileref="images/update.jpg" format="JPEG" align="center"/></imageobject></mediaobject></entry>
            <entry>
              <para>Allow override of default clean shutdown behavior (MODCLUSTER-139) (pferraro)</para>
            </entry>
          </row>
          <row>
            <entry><mediaobject><imageobject role="update"><imagedata fileref="images/update.jpg" format="JPEG" align="center"/></imageobject></mediaobject></entry>
            <entry>
              <para>Avoid unnecessary open sockets for non-master nodes (MODCLUSTER-158) (pferraro)</para>
            </entry>
          </row>
        </tbody>
      </tgroup>
    </informaltable>
  </section>
  <section>
    <title>1.1.0.CR2 (11 May 2010)</title>
    <informaltable frame="all">
      <tgroup cols="2">
        <tbody>
          <row>
            <entry><mediaobject><imageobject role="update"><imagedata fileref="images/update.jpg" format="JPEG" align="center"/></imageobject></mediaobject></entry>
            <entry>
              <para>Add the lifecycle listener dynamically (MODCLUSTER-20) (pferraro)</para>
            </entry>
          </row>
          <row>
            <entry><mediaobject><imageobject role="update"><imagedata fileref="images/update.jpg" format="JPEG" align="center"/></imageobject></mediaobject></entry>
            <entry>
              <para>Use UUID for auto-generated jvmRoute (MODCLUSTER-142) (pferraro)</para>
            </entry>
          </row>
          <row>
            <entry><mediaobject><imageobject role="update"><imagedata fileref="images/update.jpg" format="JPEG" align="center"/></imageobject></mediaobject></entry>
            <entry>
              <para>improve packaging so that the bundle can run in ~ too (MODCLUSTER-150) (jfclere)</para>
            </entry>
          </row>
          <row>
            <entry><mediaobject><imageobject role="fix"><imagedata fileref="images/fix.jpg" format="JPEG" align="center"/></imageobject></mediaobject></entry>
            <entry>
              <para>jboss.mod_cluster.proxyList: invalid hosts cause mod-cluster startup to be delayed (MODCLUSTER-155) (pferraro)</para>
            </entry>
          </row>
          <row>
            <entry><mediaobject><imageobject role="fix"><imagedata fileref="images/fix.jpg" format="JPEG" align="center"/></imageobject></mediaobject></entry>
            <entry>
              <para>mod_cluster 1.1.0.CR1 doesn't work with Tomcat (MODCLUSTER-143) (jfclere/pferraro)</para>
            </entry>
          </row>
          <row>
            <entry><mediaobject><imageobject role="update"><imagedata fileref="images/update.jpg" format="JPEG" align="center"/></imageobject></mediaobject></entry>
            <entry>
              <para>Allow configuration of stopContextTimeout units (MODCLUSTER-138) (pferraro)</para>
            </entry>
          </row>
          <row>
            <entry><mediaobject><imageobject role="update"><imagedata fileref="images/update.jpg" format="JPEG" align="center"/></imageobject></mediaobject></entry>
            <entry>
              <para>Add a solaris10 64 bits sparc in the bundles (MODCLUSTER-137) (jfclere)</para>
            </entry>
          </row>
          <row>
            <entry><mediaobject><imageobject role="fix"><imagedata fileref="images/fix.jpg" format="JPEG" align="center"/></imageobject></mediaobject></entry>
            <entry>
              <para>INFO and mod_cluster_manager/ displays milliseconds and DUMP second (MODCLUSTER-128) (jfclere)</para>
            </entry>
          </row>
          <row>
            <entry><mediaobject><imageobject role="update"><imagedata fileref="images/update.jpg" format="JPEG" align="center"/></imageobject></mediaobject></entry>
            <entry>
              <para>Make mod_cluster manager tolerant to F5 page refresh when disabled context (MODCLUSTER-124) (jfclere)</para>
            </entry>
          </row>
        </tbody>
      </tgroup>
    </informaltable>
  </section>
  <section>
    <title>1.1.0.CR1 (22 March 2010)</title>
    <informaltable frame="all">
      <tgroup cols="2">
        <tbody>
          <row>
            <entry><mediaobject><imageobject role="update"><imagedata fileref="images/update.jpg" format="JPEG" align="center"/></imageobject></mediaobject></entry>
            <entry>
              <para>Update httpd to 2.2.25. (MODCLUSTER-134) (jfclere)</para>
            </entry>
          </row>
          <row>
            <entry><mediaobject><imageobject role="fix"><imagedata fileref="images/fix.jpg" format="JPEG" align="center"/></imageobject></mediaobject></entry>
            <entry>
              <para>Apache with mod_cluster refuses to start at first, but after 7 retries it starts up (MODCLUSTER-120) (jfclere)</para>
            </entry>
          </row>
          <row>
            <entry><mediaobject><imageobject role="update"><imagedata fileref="images/update.jpg" format="JPEG" align="center"/></imageobject></mediaobject></entry>
            <entry>
              <para>Add getLoad() to load metric mbean interface (MODCLUSTER-130) (pferraro)</para>
            </entry>
          </row>
          <row>
            <entry><mediaobject><imageobject role="update"><imagedata fileref="images/update.jpg" format="JPEG" align="center"/></imageobject></mediaobject></entry>
            <entry>
              <para>Disable "cnone" request parameter to ease remote invocation on mod_cluster-manager (MODCLUSTER-127) (jfclere)</para>
            </entry>
          </row>
          <row>
            <entry><mediaobject><imageobject role="fix"><imagedata fileref="images/fix.jpg" format="JPEG" align="center"/></imageobject></mediaobject></entry>
            <entry>
              <para>Microcontainer does not always choose the right constructor when creating ModClusterService (MODCLUSTER-116) (pferraro)</para>
            </entry>
          </row>
          <row>
            <entry><mediaobject><imageobject role="fix"><imagedata fileref="images/fix.jpg" format="JPEG" align="center"/></imageobject></mediaobject></entry>
            <entry>
              <para>Microcontainer does not choose the right constructor when creating RequestCountLoadMetric (MODCLUSTER-126) (pferraro)</para>
            </entry>
          </row>
          <row>
            <entry><mediaobject><imageobject role="fix"><imagedata fileref="images/fix.jpg" format="JPEG" align="center"/></imageobject></mediaobject></entry>
            <entry>
              <para>Mod_cluster does support more that 3 Alias in &lt;Host/&gt; (MODCLUSTER-121) (jfclere)</para>
            </entry>
          </row>
          <row>
            <entry><mediaobject><imageobject role="update"><imagedata fileref="images/update.jpg" format="JPEG" align="center"/></imageobject></mediaobject></entry>
            <entry>
              <para>Allow toggling of context auto-enable during mod_cluster startup. (MODCLUSTER-125) (pferraro)</para>
            </entry>
          </row>
          <row>
            <entry><mediaobject><imageobject role="fix"><imagedata fileref="images/fix.jpg" format="JPEG" align="center"/></imageobject></mediaobject></entry>
            <entry>
              <para>STATUS should retry the worker even if there was an error before. (MODCLUSTER-133) (jfclere)</para>
            </entry>
          </row>
          <row>
            <entry><mediaobject><imageobject role="fix"><imagedata fileref="images/fix.jpg" format="JPEG" align="center"/></imageobject></mediaobject></entry>
            <entry>
              <para>Split ModClusterServiceMBean.ping(String) into 3 methods (MODCLUSTER-110) (pferraro/jfclere)</para>
            </entry>
          </row>
          <row>
            <entry><mediaobject><imageobject role="fix"><imagedata fileref="images/fix.jpg" format="JPEG" align="center"/></imageobject></mediaobject></entry>
            <entry>
              <para>Use clean shutdown by default, leveraging STOP-APP-RSP for &lt;distributable/&gt; contexts and session draining for non-distributable contexts.  mod_cluster shutdown now triggered earlier via Connector JMX notification.  (MODCLUSTER-131) (pferraro/jfclere)</para>
            </entry>
          </row>
          <row>
            <entry><mediaobject><imageobject role="update"><imagedata fileref="images/update.jpg" format="JPEG" align="center"/></imageobject></mediaobject></entry>
            <entry>
              <para>move the web site to magnolia (MODCLUSTER-114) (.org team)</para>
            </entry>
          </row>
          <row>
            <entry><mediaobject><imageobject role="fix"><imagedata fileref="images/fix.jpg" format="JPEG" align="center"/></imageobject></mediaobject></entry>
            <entry>
              <para>ping and nodeTimeout interact. (MODCLUSTER-132) (jfclere)</para>
            </entry>
          </row>
          <row>
            <entry><mediaobject><imageobject role="update"><imagedata fileref="images/update.jpg" format="JPEG" align="center"/></imageobject></mediaobject></entry>
            <entry>
              <para>update mod_jk to 1.2.30  (MODCLUSTER-138) (jfclere) </para>
            </entry>
          </row>
          <row>
            <entry><mediaobject><imageobject role="fix"><imagedata fileref="images/fix.jpg" format="JPEG" align="center"/></imageobject></mediaobject></entry>
            <entry>
              <para>query string is truncated to (MODCLUSTER-118) (jfclere)</para>
            </entry>
          </row>
          <row>
            <entry><mediaobject><imageobject role="fix"><imagedata fileref="images/fix.jpg" format="JPEG" align="center"/></imageobject></mediaobject></entry>
            <entry>
              <para>AdvertiseBindAddress does not default to the 23364 port (MODCLUSTER-119) (jfclere)</para>
            </entry>
          </row>
          <row>
            <entry><mediaobject><imageobject role="update"><imagedata fileref="images/update.jpg" format="JPEG" align="center"/></imageobject></mediaobject></entry>
            <entry>
              <para>Skip load balance factor calculation if there are no proxies to receive status message (MODCLUSTER-103) (pferraro)</para>
            </entry>
          </row>
          <row>
            <entry><mediaobject><imageobject role="fix"><imagedata fileref="images/fix.jpg" format="JPEG" align="center"/></imageobject></mediaobject></entry>
            <entry>
              <para>Disabling contexts does not work (MODCLUSTER-123) (jfclere)</para>
            </entry>
          </row>
          <row>
            <entry><mediaobject><imageobject role="fix"><imagedata fileref="images/fix.jpg" format="JPEG" align="center"/></imageobject></mediaobject></entry>
            <entry>
              <para>advertise doesn't use new AdvertiseSecurityKey on graceful restarts. (MODCLUSTER-129) (jfclere)</para>
            </entry>
          </row>
          <row>
            <entry><mediaobject><imageobject role="fix"><imagedata fileref="images/fix.jpg" format="JPEG" align="center"/></imageobject></mediaobject></entry>
            <entry>
              <para>Load-demo.war specifies obsolete servlet in web.xml  (MODCLUSTER-113) (pferraro)</para>
            </entry>
          </row>
        </tbody>
      </tgroup>
    </informaltable>
  </section>
  <section>
    <title>1.1.0.Beta1 (30 October 2009)</title>
    <informaltable frame="all">
      <tgroup cols="2">
        <tbody>
          <row>
            <entry><mediaobject><imageobject role="fix"><imagedata fileref="images/fix.jpg" format="JPEG" align="center"/></imageobject></mediaobject></entry>
            <entry>
              <para>Interaction with mod_rewrite looks weird for end-users. (MODCLUSTER-86) (jfclere)</para>
            </entry>
          </row>
          <row>
            <entry><mediaobject><imageobject role="update"><imagedata fileref="images/update.jpg" format="JPEG" align="center"/></imageobject></mediaobject></entry>
            <entry>
              <para>admin-console should be in the excludedContexts. (MODCLUSTER-87) (pferraro)</para>
            </entry>
          </row>
          <row>
            <entry><mediaobject><imageobject role="fix"><imagedata fileref="images/fix.jpg" format="JPEG" align="center"/></imageobject></mediaobject></entry>
            <entry>
              <para>ClassCastException upon redeploy after mod-cluster-jboss-beans.xml modification. (MODCLUSTER-88) (pferraro)</para>
            </entry>
          </row>
          <row>
            <entry><mediaobject><imageobject role="fix"><imagedata fileref="images/fix.jpg" format="JPEG" align="center"/></imageobject></mediaobject></entry>
            <entry>
              <para>Alias from webapps/jboss-web.xml are not handled correctly in mod_cluster. (MODCLUSTER-89) (jfclere)</para>
            </entry>
          </row>
          <row>
            <entry><mediaobject><imageobject role="update"><imagedata fileref="images/update.jpg" format="JPEG" align="center"/></imageobject></mediaobject></entry>
            <entry>
              <para>Display version. (MODCLUSTER-90) (jfclere)</para>
            </entry>
          </row>
          <row>
            <entry><mediaobject><imageobject role="fix"><imagedata fileref="images/fix.jpg" format="JPEG" align="center"/></imageobject></mediaobject></entry>
            <entry>
              <para>Connector bind address of 0.0.0.0 propagated to proxy. (MODCLUSTER-91) (pferraro)</para>
            </entry>
          </row>
          <row>
            <entry><mediaobject><imageobject role="update"><imagedata fileref="images/update.jpg" format="JPEG" align="center"/></imageobject></mediaobject></entry>
            <entry>
              <para>Display status of the worker. (MODCLUSTER-92) (jfclere)</para>
            </entry>
          </row>
          <row>
            <entry><mediaobject><imageobject role="update"><imagedata fileref="images/update.jpg" format="JPEG" align="center"/></imageobject></mediaobject></entry>
            <entry>
              <para>Update httpd to lastest version. (MODCLUSTER-93) (jfclere)</para>
            </entry>
          </row>
          <row>
            <entry><mediaobject><imageobject role="fix"><imagedata fileref="images/fix.jpg" format="JPEG" align="center"/></imageobject></mediaobject></entry>
            <entry>
              <para>getProxyInfo failed when there are too many nodes. (MODCLUSTER-94) (jfclere)</para>
            </entry>
          </row>
          <row>
            <entry><mediaobject><imageobject role="fix"><imagedata fileref="images/fix.jpg" format="JPEG" align="center"/></imageobject></mediaobject></entry>
            <entry>
              <para>mod_cluster-manager display corrupted with jboss starting. (MODCLUSTER-95) (jfclere)</para>
            </entry>
          </row>
          <row>
            <entry><mediaobject><imageobject role="fix"><imagedata fileref="images/fix.jpg" format="JPEG" align="center"/></imageobject></mediaobject></entry>
            <entry>
              <para>DISABLE application active as STOPPED. (MODCLUSTER-96) (jfclere)</para>
            </entry>
          </row>
          <row>
            <entry><mediaobject><imageobject role="update"><imagedata fileref="images/update.jpg" format="JPEG" align="center"/></imageobject></mediaobject></entry>
            <entry>
              <para>Httpd should remove workers it can't ping. (MODCLUSTER-97) (jfclere)</para>
            </entry>
          </row>
          <row>
            <entry><mediaobject><imageobject role="fix"><imagedata fileref="images/fix.jpg" format="JPEG" align="center"/></imageobject></mediaobject></entry>
            <entry>
              <para>Linux mod_cluster_manager display zero instead values. (MODCLUSTER-98) (jfclere)</para>
            </entry>
          </row>
          <row>
            <entry><mediaobject><imageobject role="fix"><imagedata fileref="images/fix.jpg" format="JPEG" align="center"/></imageobject></mediaobject></entry>
            <entry>
              <para>mod_cluster_manager doesn't seem to ENABLE/DISABLE the right context. (MODCLUSTER-99) (jfclere)</para>
            </entry>
          </row>
          <row>
            <entry><mediaobject><imageobject role="fix"><imagedata fileref="images/fix.jpg" format="JPEG" align="center"/></imageobject></mediaobject></entry>
            <entry>
              <para>load balancing logic doesn't allow manual demo of load-balancing. (MODCLUSTER-100) (jfclere)</para>
            </entry>
          </row>
          <row>
            <entry><mediaobject><imageobject role="fix"><imagedata fileref="images/fix.jpg" format="JPEG" align="center"/></imageobject></mediaobject></entry>
            <entry>
              <para>404 errors when load is increasing. (MODCLUSTER-102) (jfclere)</para>
            </entry>
          </row>
          <row>
            <entry><mediaobject><imageobject role="fix"><imagedata fileref="images/fix.jpg" format="JPEG" align="center"/></imageobject></mediaobject></entry>
            <entry>
              <para>Advertise security key verification does not work. (MODCLUSTER-104) (jfclere)</para>
            </entry>
          </row>
          <row>
            <entry><mediaobject><imageobject role="add"><imagedata fileref="images/add.jpg" format="JPEG" align="center"/></imageobject></mediaobject></entry>
            <entry>
              <para>Allow advertise listener to listen on a specific network interface. (MODCLUSTER-106) (pferraro)</para>
            </entry>
          </row>
          <row>
            <entry><mediaobject><imageobject role="add"><imagedata fileref="images/add.jpg" format="JPEG" align="center"/></imageobject></mediaobject></entry>
            <entry>
              <para>Allow thread factory injection for advertise listener. (MODCLUSTER-108) (pferraro)</para>
            </entry>
          </row>
          <row>
            <entry><mediaobject><imageobject role="update"><imagedata fileref="images/update.jpg" format="JPEG" align="center"/></imageobject></mediaobject></entry>
            <entry>
              <para>Create SPI and isolate tomcat/jbossweb usage into service provider implementation. (MODCLUSTER-111) (pferraro)</para>
            </entry>
          </row>
        </tbody>
      </tgroup>
    </informaltable>
  </section>
</chapter>
