<?xml version="1.0" encoding="UTF-8"?>
<assembly xmlns="http://maven.apache.org/POM/4.0.0" xmlns:xsi="http://www.w3.org/2001/XMLSchema-instance" xsi:schemaLocation="http://maven.apache.org/POM/4.0.0 http://maven.apache.org/xsd/assembly-1.0.0.xsd">
  <id>sar</id>
  <includeBaseDirectory>false</includeBaseDirectory>
  <moduleSets>
    <moduleSet>
      <useAllReactorProjects>true</useAllReactorProjects>
    
      <!-- Now, select which projects to include in this module-set. -->
      <includes>
        <include>org.jboss.mod_cluster:mod_cluster-container-spi</include>
        <include>org.jboss.mod_cluster:mod_cluster-core</include>
        <include>org.jboss.mod_cluster:mod_cluster-container-catalina</include>
        <include>org.jboss.mod_cluster:mod_cluster-container-jbossweb</include>
      </includes>
      <binaries>
        <outputDirectory></outputDirectory>
        <unpack>false</unpack>
      </binaries>
    </moduleSet>
  </moduleSets>

  <fileSets>
    <fileSet>
      <directory>../src/main/resources</directory>
      <outputDirectory>META-INF</outputDirectory>
    </fileSet>
  </fileSets>
</assembly>
